From,To
Mast,Aaker_Joachimsthaler2009
Mast,AbrellVogel_Rowold2014
Mast,Achleitner_Bassen_Fieseler2008
Mast,Aderhold2004
Mast,Aldrich_Herker1977
Mast,Allgaeuer_Larisch2011
Mast,Allport_Postman1965
Mast,Arndt_Reinert2006
Mast,Arnold2011
Mast,Assmann_Pleil2014
Mast,Atteslander2010
Mast,Aughtmon2012
Mast,Avenarius2008
Mast,BackhausMaul2010
Mast,Baker2000
Mast,Bal2009
Mast,Bardhan_Weaver2011
Mast,Barghop2009
Mast,Bauhofer2004
Mast,Bea_Goebel2010
Mast,Behr2008
Mast,Bentele2008
Mast,Bentele1996
Mast,Bentele_Buchele_Hoepfner_Liebert2009
Mast,Bentele_DFJV2006
Mast,Bentele_Will2008
Mast,Berekoven_Eckert_Ellenrieder2009
Mast,Bergmann_Bungert2012
Mast,Bernet2010
Mast,Besson2012
Mast,Besson2008
Mast,Bischoff2008
Mast,BITKOM2010
Mast,Boettcher2008
Mast,Bogner2005
Mast,Bolte_Porschen2006
Mast,Brokoff_Fohrmann_Pompe_Weingart2008
Mast,Broom_Sha2013
Mast,Brosius_Haas_Koschel2012
Mast,Bruhn2015
Mast,Bruhn2014a
Mast,Bruhn2014b
Mast,Bruhn2010
Mast,Bruhn2008
Mast,Bruhn2004
Mast,Bruhn2000
Mast,Bruhn_Ahlers2009
Mast,Bruhn_Homburg2013
Mast,Bruhn_Wunderlich2004
Mast,Brunner2014
Mast,Buchholz_Knorre2013
Mast,Buchholz_Knorre2012
Mast,Buergi2009
Mast,Buerker2013
Mast,Burkart2008
Mast,Burmann_Halaszovich_Hemmann2012
Mast,Buss2007
Mast,Buss_FinkHeuberger2000
Mast,BVDW2014
Mast,Cauers2009
Mast,Chase1977
Mast,Choo2009
Mast,Clampitt2013
Mast,Classen_VonKyaw2008
Mast,Coenenberg_Salfeld2007
Mast,Comelli_VonRosenstiel_Nerdinger2014
Mast,ContentMarketingInstituteoJ
Mast,Coombs2014
Mast,Coombs2006
Mast,Copley2014
Mast,Cornelissen2014
Mast,Cornelsen2002
Mast,Cova_Salle2008
Mast,Cutlip_Center_Broom1994
Mast,Daft_Lengel1986
Mast,Daniels_Spiker_Papa1997
Mast,Davis1969
Mast,Davis1953
Mast,Deekeling_Arndt2014
Mast,Denning2011
Mast,Deutinger2013
Mast,DeutscherInvestorRelationsVerband2015
Mast,Diekmann2009
Mast,DiFonzo_Bordia2007
Mast,Doerfel_Hinsen2009
Mast,Domke2006
Mast,Domsch_Ladwig2013
Mast,Doppler_Lauterburg2014
Mast,Dozier_GrunigL_GrunigJ1995
Mast,Dzozier_GrunigL1992
Mast,DPRG2005
Mast,DPRG_ICV2011
Mast,Dreyling2001
Mast,Dubach_Frey2011
Mast,Duncan_Moriarty1997
Mast,Duve_Eidenmueller2011
Mast,Echter2011
Mast,Eck2007
Mast,Eck_Eichmeier2014
Mast,Ehrhart2011
Mast,Eichmeier2014
Mast,Einwiller2014
Mast,Engelmann2009
Mast,Ernst_Zerfass2009
Mast,Esch2014a
Mast,Esch2014b
Mast,Esch_Knoerle_Stroedter2014
Mast,Esch_Tomczak_Kernstock_Langner_Redler2014
Mast,EttlHuber2014
Mast,Etzhold_Ramge2014
Mast,EuropaeischeKommission2011
Mast,Ewing1997
Mast,Falkenberg2014
Mast,Fieseler2008
Mast,Fine_CampionVIncent_Heath2005
Mast,Fink_Zerfass_Linke2012
Mast,Fleck2015
Mast,Fog_Budtz_Munch_Blanchette2010
Mast,Fombrun_VanRiel2008
Mast,Forman2013
Mast,Franck2014
Mast,Franck2007
Mast,Freeman2004
Mast,Freeman1984
Mast,Freeman_Velamuri_Moriarty2006
Mast,Frueh2011
Mast,Frueh_Frey2014
Mast,Galliker2009
Mast,Gantner2010
Mast,Garth2008
Mast,Geiger2006
Mast,Georgi_Hadwich2010
Mast,Gierl_Huettl2009
Mast,Giovanelli2004
Mast,Gohl_Meister2012
Mast,Goldhaber1993
Mast,Gonring1997
Mast,Gordon1997
Mast,Gregory2014
Mast,Griffin2014
Mast,Griepentrog2015
Mast,GrunerUndJahr2014
Mast,GrunigJ1992
Mast,GrunigJ_Dozier_GrunigL2002
Mast,GrunigJ_Hunt1984
Mast,GrunigJ_Repper1992
Mast,Guetzkow1965
Mast,Guse_Wagner2014
Mast,Gutounig2015
Mast,Haeusler2014
Mast,Hansen_Bernoully2013
Mast,Harlow1976
Mast,Harringer_Maier2009
Mast,Harss_Liebich_Michalka2011
Mast,Hauschildt_Salomo2011
Mast,Haver2009
Mast,Heath_Palenchar2009
Mast,Heinrich2013
Mast,Hellweg1997
Mast,Helm_LiehrGobbers_Storck2011
Mast,Heltsche2012
Mast,Hepper2009
Mast,Herbst2014a
Mast,Herbst2014b
Mast,Herger2006
Mast,Herger2004
Mast,Hering_SchuppenerB_SchuppenerN2009
Mast,Herrmann1999
Mast,Hillenbrand_Money2007
Mast,Hippner_Wilde_Hubrich2011
Mast,Hitt2009
Mast,Hochmeier2012
Mast,Hoebel_Hofmann2014
Mast,Hofbauer_Koerner_Nikolaus_Poost2009
Mast,Hofbauer_Schoepfel2010
Mast,Hoffjann2014
Mast,HoffmannK2009
Mast,HoffmannC_Lang2008
Mast,Holzinger_Sturmer2012
Mast,Houben_Frigge2007
Mast,Howard_Mathews2006
Mast,Hubbard2004
Mast,Hubig2014
Mast,HuckSandhu2005a
Mast,HuckSandhu_Gueller2004
Mast,HuckSandhu_Spachmann2008
Mast,Huenerberg2015
Mast,Huettner_Schwarting2002
Mast,Ihde2012
Mast,Ingenhoff_RoettgerU2008
Mast,Jablin_Putnam2004
Mast,Jacob_Kretzer2011
Mast,James1884
Mast,Janke2015
Mast,Jansen2006
Mast,Jiranek_Edmueller2015
Mast,Jodeleit2012
Mast,Johanssen2009
Mast,Kapferer1997
Mast,Karmasin2007
Mast,Kepplinger2012
Mast,Kessler_Winkelhofer2004
Mast,Kimmel2004
Mast,Kinter_Ott_Manolagas2009
Mast,Kirchgeorg_Ermer2014
Mast,KirchhoffK2009
Mast,KirchhofK_Piwinger2015
Mast,KirchhoffS2015
Mast,Kirchner2003
Mast,Kitchen1997
Mast,Kleinert2008
Mast,Klewes_Stark1999
Mast,Knapp_Daly2011
Mast,Koch2013
Mast,Koester2012
Mast,Konken2007
Mast,Kotter2011
Mast,Kreuser_Robrecht_Erpenbeck2012
Mast,KroeberRiel_GroeppelKlein2013
Mast,Kroehl2014
Mast,Krueger2015
Mast,Kuhn_Kalt_Kinter2003
Mast,Kuhn_Ruff_Splittgerber2014
Mast,Labas2009
Mast,Laufer2009
Mast,Lautenbach2014
Mast,Leipziger2009
Mast,Lewin1948
Mast,Lewis2011
Mast,Linke2015
Mast,Lischka2000
Mast,Littek2011
Mast,Loebbert2008
Mast,Loeffler2014
Mast,Lombardi2015
Mast,Lowery_DeFleur1995
Mast,Luecke2005
Mast,Luenenborg2005
Mast,Luhmann2001
Mast,Lutz_Nitzsche2010
Mast,Maenken2009
Mast,Maguire2014
Mast,Maletzke2002a
Mast,Maletzke2002b
Mast,Maletzke1998
Mast,Maletzke1963
Mast,Marinkovic2009
Mast,Mast_HuckSandhu_Gueller2003
Mast,Mast_HuckSandhu_Zerfass2006
Mast,Mast_Simtion_Spachmann2015
Mast,Mast_Spachmann2015
Mast,Mast_Spachmann2014
Mast,Mast_Spachmann_Georg2014
Mast,Mast_Stehle2015
Mast,Mast_Stehle2009a
Mast,Mast_Stehle2009b
Mast,Mast_Zerfass2005
Mast,Mathes_Zerfass2010
Mast,Mayer2013
Mast,Mayring2010
Mast,McLuhan1995
Mast,McLuhan1967
Mast,McManus_Seville_Vargo_Brundson2008
Mast,McNaughton_Osborne_Morgan_Kutwaroo2001
Mast,Meckel_Schmid2008
Mast,Meckel_Will2008
Mast,Meffert_Burmann_Kirchgeorg2015
Mast,MeierS_Luetolf_Schillerwein2015
Mast,Merten2008
Mast,Merten2000
Mast,Merten1977
Mast,Michelsen_Godemann2008
Mast,Michelson_Mouly2004
Mast,Mickeleit2014
Mast,Mickeleit_Ziesche2006
Mast,Mintzberg1973
Mast,Mishra1990
Mast,Mitchell1969
Mast,Moeller_Schlaefke2012
Mast,Molitor1977
Mast,Morrell2002
Mast,Muth2014
Mast,Nawratil2006
Mast,Neuberger2008a
Mast,Neuberger2008b
Mast,Newsom_VanSlykeTurk_Kruckeberg2010
Mast,Nolting_Thiessen2008
Mast,Nothhaft2011
Mast,NunatakGroup2014
Mast,Oeckl1964
Mast,Olbrich2006
Mast,Osburg2010
Mast,Parkinson1999
Mast,Perl2007
Mast,Perlmutter1969
Mast,Pfannenberg2014
Mast,Pfannenberg2013
Mast,Pfannenberg2011
Mast,Pfannenberg2010
Mast,Pfanenberg_Zerfass2010
Mast,Picot_Reichwald_Wigand2003
Mast,Piwinger2009
Mast,Piwinger_Ebert2004
Mast,Pleil2012
Mast,Pleil_Zerfass2014
Mast,Porter_Kramer2008
Mast,Quirke2009
Mast,Quirke2008
Mast,Rademacher_Moehrle2014
Mast,Raupp_Jarolimek_SchultzF2011
Mast,Raupp_Vogelsang2009
Mast,Regenthal2009
Mast,Reichert2012
Mast,Richter2008
Mast,RiesA_RiesL2005
Mast,Roethemeyer2015
Mast,RoettgerU2010
Mast,RoettgerU2003
Mast,RoettgerU2000
Mast,RoettgerU_Ingenhoff2008
Mast,RoettgerU_Preusse_Schmitt2011
Mast,Rogers2003
Mast,Rohling2014
Mast,Rolke2014a
Mast,Rolke2014b
Mast,Rolke2005
Mast,Rolke2003
Mast,Rolke_Zerfass2014
Mast,Ronnenberger1977
Mast,Rosnow1991
Mast,Rosnow_Fine1976
Mast,Rota_Fuchs2007
Mast,RueeggStuerm_Gritsch2003
Mast,Ruisinger2011
Mast,Saelhoff2011
Mast,Sammer2011
Mast,Sandhu2012
Mast,Sartory_Senn_Zimmermann_Mazumder2013
Mast,Schach2015
Mast,Scheele2006
Mast,Schick2014
Mast,Schick2004
Mast,SchindlerMC_Liller2014
Mast,SchindlerM2007
Mast,SchindlerM2005
Mast,Schmid_Lyczek2008
Mast,Schmidbauer_KnoedlerBunte2004
Mast,SchmidtAtzert_Peper_Stemmoeer2014
Mast,Schnell_Hill_Esser2013
Mast,Schoenebom2013
Mast,SchulzBruhdoel_Bechtel2011
Mast,Schwabe2008
Mast,Schwalbach_Schwerk2014
Mast,Schwarze2014
Mast,Schwarzer1981
Mast,SchweigerG_Schrattenecker2013
Mast,SchweigerW2010
Mast,Schweizer2003
Mast,Schwender_SchulzWe_Kreeb2008
Mast,Seegers2008
Mast,Seifert2015
Mast,Seitel_Doorley2012
Mast,Selbach2014
Mast,Selbach2012
Mast,Siegert_Brecheis2010
Mast,Snizek2005
Mast,Spachmann2010
Mast,Spachmann2005
Mast,Spachmann_HuckSandhu2015
Mast,Stauss_Seidel2014
Mast,Stehle2015
Mast,Stehle_Muecke2009
Mast,Steinbach_Krisch_Harguth2015
Mast,Steinmetz2004
Mast,Stenger2012
Mast,Stocker1997
Mast,Stohl1996
Mast,Stolzenberg_Heberle2013
Mast,Stotz_WedelKlein2013
Mast,Stumpf_Wehmeier2014
Mast,Sucher2009
Mast,Suess_Zerfass_Duehring2011
Mast,SzyszkaA2013
Mast,SzyszkaP2009
Mast,SzyszkaP2008
Mast,SzyszkaP_SchmitzH2006
Mast,Talanow2015
Mast,Teetz2012
Mast,Tennert2012
Mast,Tesch2011
Mast,TetraultSirsly_Lamertz2008
Mast,TheisBerglmair2013
Mast,TheisBerglmair2003
Mast,Theis2014
Mast,Thiessen2014
Mast,Thiessen2011
Mast,Thiessen2009
Mast,Thomas2004
Mast,Thummes_Malik2014
Mast,Tichy_Tushman_Fombrun1979
Mast,Tidd_Bessant2009
Mast,Toepfer2008
Mast,Trappmann_Hummell_Sodeur2011
Mast,Tretow2008
Mast,Trommsdorff_Steinhoff2013
Mast,Tuckman1965
Mast,Uffmann2009
Mast,UllrichC2013
Mast,UllrichT_Brandstaedter2015
Mast,Vahs_Brem2015
Mast,VanRiel_Fombrun2007
Mast,Veldeman_VanPraet_Mechant2015
Mast,Voigt2009
Mast,Voss2008
Mast,Wagner2008
Mast,WalterL_WalterM2010
Mast,Wassermann_Faust1994
Mast,Wassmann2010
Mast,Watzlawick_BeavinBavelas_Jackson2011
Mast,Weber2009
Mast,Wehling2007
Mast,Weichler2014
Mast,Weichler2003
Mast,Weichler_Endroes2010
Mast,Weidner_Freitag1998
Mast,Weihrich1990
Mast,Weinberg2014
Mast,White_Dozier1992
Mast,Wiedemann_Ries2014
Mast,Will2007
Mast,Will_Loew2003
Mast,Willis2006
Mast,Wippersberg2012
Mast,WrightMi_Siegel_Keasey_Filatotchev2014
Mast,WrightMa2009
Mast,Zerfass2014
Mast,Zerfass2010
Mast,Zerfass2009
Mast,Zerfass_HuckSandhu2007
Mast,Zerfass_Moeslein2009
Mast,Zerfass_Moreno_Tench_Vercic_Verhoeven2014
Mast,Zerfass_Moreno_Tench_Vercic_Verhoeven2013
Mast,Zerfass_Pleil2015
Mast,Zerfass_Rademacher_Wehmeier2013
Mast,Zerfass_Schwalbach_Sherzada2013
Mast,Zitzmann_Fischer_Decker2009
Mast,Zydra2009
Mast,Anderson1989
Mast,Andres2004
Mast,Bird2001
Mast,Bode2001
Mast,Bolten2000
Mast,Booth1986
Mast,Brauer2005
Mast,Byers1997
Mast,Chen_Culbertson2003
Mast,Curtin_Gaither2007
Mast,Daub2003
Mast,Dmoch1997
Mast,Epley1992
Mast,Freitag_Quesinberry2009
Mast,Gerdemann2001
Mast,Haywood1991
Mast,Herres1993
Mast,Heylin1991
Mast,HuckSandhu2007
Mast,HuckSandhu2005b
Mast,HuckSandhu2005c
Mast,HuckSandhu2004
Mast,HuckSandhu2002
Mast,HuckSandhu2001
Mast,Ingenhoff2013
Mast,Ingenhoff2004
Mast,Ingenhoff_Ruehl2013
Mast,Jain_DeMoya_Molleda2014
Mast,Johanssen2001
Mast,Johanssen_Steger2001
Mast,Klare2010
Mast,Kleebinder1995
Mast,Koecher_Birchmeier1995
Mast,Kunczik1992
Mast,Liebl2000
Mast,MacDonald1991
Mast,Mast_HuckSandhu_Gueller2005
Mast,MeadowsC_MeadowsIII2014
Mast,Morley2002
Mast,Nally1991
Mast,Neidhart2000
Mast,Ovaitt1988
Mast,Raffee_Wiedmann1989
Mast,RoettgerU2003
Mast,Schaufler_Signitzer1990
Mast,Schipanski2012
Mast,Sriramesh_Vercic2009
Mast,Steger2001
Mast,Stevenson2001
Mast,Streich1996
Mast,TraverseHealy1991
Mast,Wakefield1996
Mast,Wimmer1994
Mast,Wind_Douglas_Perlmutter1973
Mast,Wouters1991
Mast,Zentes1997
RoettgerU,Avenarius_Bentele2009
RoettgerU,Baerns1991
RoettgerU,Becher1996
RoettgerU,Beck_Brater_Daheim1980
RoettgerU,Bentele1992
RoettgerU,Bentele1998
RoettgerU,Bentele2008
RoettgerU,Bentele_Dolder_Fechner_Seidenglanz2012
RoettgerU,Bentele_Grosskurtz_Seidenglanz2007
RoettgerU,Bentele_Grosskurth_Seidenglanz2009
RoettgerU,Booeckelmann1991
RoettgerU,Broom_Dozier1986
RoettgerU,Broom_Smith1979
RoettgerU,Broom1982
RoettgerU,Cline1989
RoettgerU,Dees1996
RoettgerU,Dees_Doebler1997
RoettgerU,Dewe_Ferchho_Radtke1992
RoettgerU,Dozier1988
RoettgerU,Dozier1992
RoettgerU,Dozier_Broom1995
RoettgerU,DPRG2005
RoettgerU,DPRG2011
RoettgerU,DRPR2007
RoettgerU,DRPR2010
RoettgerU,Finke2010
RoettgerU,Foerg2004
RoettgerU,Freidson1970
RoettgerU,Froehlich2008
RoettgerU,Froehlich_HoltzBacha1995
RoettgerU,Froehlich_Peters_Simmelbauer2005
RoettgerU,FuchsHeinritz_Lautmann_Rammstedt_Wienold2007
RoettgerU,Gruning_White1992
RoettgerU,Gruning2000
RoettgerU,Hartmann1972
RoettgerU,Hillmann1994
RoettgerU,Hoffmann_Roettger_Jarren2007
RoettgerU,Hutton2005
RoettgerU,Klatetzki1993
RoettgerU,Klaus1998
RoettgerU,Leichty_Springston1996
RoettgerU,Pfadenhauer1998
RoettgerU,Pfadenhauer2003
RoettgerU,Pieczka_LEtang2001
RoettgerU,Raupp2009
RoettgerU,Reagan_Anderson_Summer_Hill1990
RoettgerU,RoettgerU_Hoffmann_Jarren2003
RoettgerU,Spatzier2009
RoettgerU,SzyszkaP1995
RoettgerU,SzyszkaP_Schuette_Urbahn2009
RoettgerU,Toth_GrunigJ1993
RoettgerU,Toth_Serini_Wright_Emig1998
RoettgerU,VanRuler2005
RoettgerU,Weischenberg1990
RoettgerU,Wienand2003
RoettgerU,Wilensky1972
RoettgerU,Wright_Turk2007
Hoffmann_Mueller,Antonoff1987
Hoffmann_Mueller,Auer1999
Hoffmann_Mueller,Augustin2002
Hoffmann_Mueller,Avenarius1995
Hoffmann_Mueller,Back_Lois_Beuttler_Stefan2003
Hoffmann_Mueller,Baerns1997
Hoffmann_Mueller,Baerns2004
Hoffmann_Mueller,Berg_KalthoffMahnke2007
Hoffmann_Mueller,Brauer2005
Hoffmann_Mueller,Buss_FinkHeuberger2000
Hoffmann_Mueller,Cornelson2002
Hoffmann_Mueller,Deg2006
Hoffmann_Mueller,Doerfel2005
Hoffmann_Mueller,Donsbach1997
Hoffmann_Mueller,Endroes _Welcher2005
Hoffmann_Mueller,Endter1996
Hoffmann_Mueller,Endter1998
Hoffmann_Mueller,Erlhofer2006
Hoffmann_Mueller,Fissenewert_Schmidt2002
Hoffmann_Mueller,Gehwies2002
Hoffmann_Mueller,Gerhards_Klingler2006
Hoffmann_Mueller,Glotz_MeyerLucht2004
Hoffmann_Mueller,Goldmann_Hofacker1998
Hoffmann_Mueller,Hansen_Schmidt2002
Hoffmann_Mueller,Hanstein2002
Hoffmann_Mueller,Herbst1997
Hoffmann_Mueller,Hillebrand1994
Hoffmann_Mueller,Hoffmann2006
Hoffmann_Mueller,Kalt1994
Hoffmann_Mueller,Keller2008
Hoffmann_Mueller,Kloefer2001
Hoffmann_Mueller,Knobel2006
Hoffmann_Mueller,Knobel2006
Hoffmann_Mueller,Kooehler_Schaffranietz2004
Hoffmann_Mueller,Kooenig_Volmer1999
Hoffmann_Mueller,Kooenig_Volmer2005
Hoffmann_Mueller,Lambeck1992
Hoffmann_Mueller,Leipziger2004
Hoffmann_Mueller,Merten2000
Hoffmann_Mueller,Moehrle2004
Hoffmann_Mueller,Neu_Breitwieser2005
Hoffmann_Mueller,Nickel1985
Hoffmann_Mueller,Raupp_Klewes2004
Hoffmann_Mueller,Roettger2003
Hoffmann_Mueller,Rota2002
Hoffmann_Mueller,Sauer2007
Hoffmann_Mueller,Schlawin2000
Hoffmann_Mueller,Schmidbauer2006
Hoffmann_Mueller,SchmitzT2004
Hoffmann_Mueller,SchulzVonThun1998
Hoffmann_Mueller,Strack1994
Hoffmann_Mueller,Temme2002
Hoffmann_Mueller,Watzlawick1969
Hoffmann_Mueller,Weis1990
Hoffmann_Mueller,Zehrt2007
Hoffjann,Althaus2007a
Hoffjann,Althaus2007b
Hoffjann,Altmeppen_Roettger_Bentele2004a
Hoffjann,Altmeppen_Roettger_Bentele2004b
Hoffjann,Andres2004
Hoffjann,Arlt1998
Hoffjann,Arlt2004
Hoffjann,Armbrecht1993
Hoffjann,Arntzen1993
Hoffjann,Avenarius_Bentele2009
Hoffjann,Baecker2010
Hoffjann,Baerns1991
Hoffjann,Balmer2001
Hoffjann,Barnett_Jermier_Lafferty2006
Hoffjann,Barth_Donsbach1992
Hoffjann,Baum_SchmidtS2002
Hoffjann,Baumgarth2008
Hoffjann,Becher1996
Hoffjann,Beck1986
Hoffjann,Beck_Brater_Daheim1980
Hoffjann,Becker1998
Hoffjann,Bender_Reulecke2003
Hoffjann,Bentele1992a
Hoffjann,Bentele1992b
Hoffjann,Bentele1994a
Hoffjann,Bentele1994b
Hoffjann,Bentele1997a
Hoffjann,Bentele1997b
Hoffjann,Bentele1998
Hoffjann,Bentele2008a
Hoffjann,Bentele2008b
Hoffjann,Bentele2008c
Hoffjann,Bentele2009
Hoffjann,Bentele2013a
Hoffjann,Bentele2013b
Hoffjann,Bentele_Liebert_Seelig1997
Hoffjann,Bentele_Nothhaft2004
Hoffjann,Bentele_Nothhaft2011
Hoffjann,Bentele_Nothhaft2014
Hoffjann,Bentele_Seidenglanz2004
Hoffjann,Bentele_Seidenglanz2008
Hoffjann,Bentele_Seidenglanz_Fechner_Dolderer2012
Hoffjann,Bentele_Seiffert2009
Hoffjann,Bernays1952
Hoffjann,Besson2008
Hoffjann,Beyme1980
Hoffjann,Bieler2010
Hoffjann,Binder1983
Hoffjann,Birkigt_Stadler2002
Hoffjann,Boeckelmann1991
Hoffjann,Bonfadelli2004
Hoffjann,Botan_Taylor2004
Hoffjann,Broom_Sha2013
Hoffjann,Bruhn2014
Hoffjann,Bruhn2005a
Hoffjann,Bruhn2005b
Hoffjann,Bruhn2006
Hoffjann,Bruhn2009a
Hoffjann,Bruhn2009b
Hoffjann,Bruhn_Ahlers2009
Hoffjann,Bruhn_Esch_Langer2008
Hoffjann,Buchholz_Knorre2012
Hoffjann,Buerker2013
Hoffjann,Buettgen_Kissel2013
Hoffjann,Burkart1993
Hoffjann,Burkart2013
Hoffjann,Burkart_Probst1991
Hoffjann,Bussemer2008
Hoffjann,Carroll1979
Hoffjann,Carroll1991
Hoffjann,Castells2007
Hoffjann,CERP2009a
Hoffjann,CERP2009b
Hoffjann,Chambers_Foulton_HandfieldJones_Hankin_Michels1998
Hoffjann,Chase1984
Hoffjann,Choi1995
Hoffjann,Christensen_Firat_Cornellissen2009
Hoffjann,Christoph2009
Hoffjann,Clark2000
Hoffjann,Coombs2012
Hoffjann,Cornelissen2008
Hoffjann,Cutlip1989
Hoffjann,Cutlip1994
Hoffjann,Cutlip1995
Hoffjann,Cutlip_Center_Broom1985
Hoffjann,Davis2006
Hoffjann,Deg2006
Hoffjann,Dernbach1998
Hoffjann,Deutscher Werberat2012
Hoffjann,Dewe_Ferchhoff_Radtke1992
Hoffjann,DiMaggio_Powell1983
Hoffjann,Doerbecker_Fissenewert_Grossmann1995
Hoffjann,Donaldson_Lee1995
Hoffjann,Donges2008
Hoffjann,Donsbach_Wenzel2002
Hoffjann,Dorer_Marschik1993
Hoffjann,Dozier_GrunigL1992
Hoffjann,Dozier_GrunigL_GrunigJ1995
Hoffjann,DPRG2006
Hoffjann,DPRG2009
Hoffjann,DRPR2004
Hoffjann,DRPR2012a
Hoffjann,DRPR2012b
Hoffjann,Drucker1993
Hoffjann,Druwe_Goerlitz1992
Hoffjann,Duncan_Caywood1996
Hoffjann,Duncon_Moriatry1997
Hoffjann,Dyllick1992
Hoffjann,Edwards2012
Hoffjann,Einwiller2014
Hoffjann,Eisenegger2005
Hoffjann,Eisenegger2014
Hoffjann,Eisenegger_Imhof2009
Hoffjann,Elkington1999
Hoffjann,Endress2002
Hoffjann,Engesser2008
Hoffjann,Esch2006
Hoffjann,Esch2010
Hoffjann,Etzioni1969
Hoffjann,Everett2000
Hoffjann,Falkheimer2009
Hoffjann,Faulstich1992
Hoffjann,Finel_Lord2001
Hoffjann,FischerLichte_al2007
Hoffjann,Fleisher2005
Hoffjann,Foerg2004
Hoffjann,Fredriksson2009
Hoffjann,Freeman1984
Hoffjann,Froehlich1994
Hoffjann,Froehlich1997
Hoffjann,Froehlich2008a
Hoffjann,Froehlich2008b
Hoffjann,Froehlich2013
Hoffjann,Froehlich_Kerl2010
Hoffjann,Froehlich_Peters_Simmelbauer2005
Hoffjann,FuchsHeinritz1995a
Hoffjann,FuchsHeinritz1995b
Hoffjann,FuchsHeinritz1995c
Hoffjann,FuchsHeinritz1995d
Hoffjann,Fuhrberg2010
Hoffjann,Fuhrberg2014
Hoffjann,Gazlig1999
Hoffjann,Gehrau_Roettger_Preusse2013
Hoffjann,Gerhards_Neidhardt1991
Hoffjann,Giddens1995
Hoffjann,Goebel2013
Hoffjann,Goerke1999
Hoffjann,Goerke_Kollbeck1996
Hoffjann,Greven2000
Hoffjann,GrunigJ1989
Hoffjann,GrunigJ1992a
Hoffjann,GrunigJ1992b
Hoffjann,GrunigJ1992c
Hoffjann,GrunigJ_GrunigL1992
Hoffjann,GrunigJ_GrunigL_Dozier1996
Hoffjann,GrunigJ_Hunt1984
Hoffjann,GrunigJ_Repper1992
Hoffjann,GrunigJ_GrunigL_Dozier2002
Hoffjann,GrunigL_GrunigJ_Ehling1992
Hoffjann,Habermas1968
Hoffjann,Habermas1995
Hoffjann,Haggerty2003
Hoffjann,Hallahan2001
Hoffjann,Hallahan_Holtzhausen_Ruler_Vercic_Sriramesh2007
Hoffjann,Han2012
Hoffjann,Harlow1976
Hoffjann,Harris_Fleisher2005a
Hoffjann,Harris_Fleisher2005b
Hoffjann,Hasebrink2002
Hoffjann,Hawkinson2005
Hoffjann,Hein1998
Hoffjann,Heinelt2003
Hoffjann,Heinrich2012
Hoffjann,Hellmann1997
Hoffjann,Hellmann2003
Hoffjann,Hellmann2005
Hoffjann,Henn_Dohle_Vowe2013
Hoffjann,Hepp2004
Hoffjann,Herger2004
Hoffjann,Hoeflich2003
Hoffjann,Hoffjann_Arlt2015
Hoffjann,Hoffjann_Gusko2013
Hoffjann,Hoffjann_Hachmeister2015
Hoffjann,Hoffjann_HuckSandhu2013a
Hoffjann,Hoffjann_HuckSandhu2013b
Hoffjann,Hoffjann_Pleil2015
Hoffjann,Hoffjan_RoettgerU2009
Hoffjann,Hoffmann2007
Hoffjann,HofstedeGee_HofstedeGer20111
Hoffjann,Holmstroem1996
Hoffjann,Holmstroem2005
Hoffjann,Holtzhausen_Zerfass2013
Hoffjann,HuckSandhu2004
Hoffjann,HuckSandhu2006
Hoffjann,HuckSandhu2007
Hoffjann,HuckSandhu2013
Hoffjann,Hundhausen1951
Hoffjann,Hutton1996
Hoffjann,Ihlen_Ruler_Fredriksson2009
Hoffjann,Ingenhoff2004
Hoffjann,Ingenhoff2013
Hoffjann,Ingenhoff_Roettger2006
Hoffjann,Ingenhoff_Roettger2013
Hoffjann,Ingenhoff_Ruehl2013
Hoffjann,Jahansoozi2006
Hoffjann,Janik2002
Hoffjann,Jansen2010
Hoffjann,Jarchow1992
Hoffjann,Jarolimek2014
Hoffjann,Jarren_Donges2011
Hoffjann,Jarren_ RoettgerU2009
Hoffjann,Johannsen1971
Hoffjann,Kaase_Marsh1979
Hoffjann,Kent_Taylor1998
Hoffjann,Kepplinger_Hartung1995
Hoffjann,Kepplinger_Maurer2004
Hoffjann,Kepplinger_Zerback2009
Hoffjann,Kieser_Walgenbach2007
Hoffjann,Kieserling2005
Hoffjann,Kim_GrunigJ_Ni2010
Hoffjann,Kirchgeorg_Ermer2014
Hoffjann,Kirchgeorg_MuellerJ2013
Hoffjann,Kirchhoff2006
Hoffjann,Kirchhoff_Piwinger2014
Hoffjann,Kirchner2001
Hoffjann,Kirchner2003
Hoffjann,Kitchen_Brignell_Li_Spickett2004
Hoffjann,Klare2010
Hoffjann,Kleinfeld_Zimmer_Willems2007
Hoffjann,Klima1995
Hoffjann,Kloss2012
Hoffjann,Knaller2007
Hoffjann,Knorr1984
Hoffjann,Koecher_Birchmeier1992
Hoffjann,Koehnken1990
Hoffjann,Koenigswiser_Hillebrand2009
Hoffjann,Kohring2004
Hoffjann,Koschnick1997
Hoffjann,Kotler_Bliemel2001
Hoffjann,Kreileder2014
Hoffjann,Krotz2007
Hoffjann,Kueckelhaus1998
Hoffjann,Kuhllen2005
Hoffjann,Kunczik1997
Hoffjann,Kunczik2010
Hoffjann,Kussin2009
Hoffjann,LEtang2003
Hoffjann,LEtang2006
Hoffjann,Lange2010
Hoffjann,Laskin2014
Hoffjann,Lehming1997
Hoffjann,Leif_Speth2006
Hoffjann,Lerbinger2008
Hoffjann,Liebert1998
Hoffjann,Liebert2003
Hoffjann,Liebl2000
Hoffjann,Loeffelholz2000
Hoffjann,Loehn_RoettgerU2009
Hoffjann,Loesche2007
Hoffjann,Long_Hazleton1987
Hoffjann,Loosen_Meckel1999
Hoffjann,Lueken1996
Hoffjann,Luhmann1964
Hoffjann,Luhmann1978
Hoffjann,Luhmann1980
Hoffjann,Luhmann1981
Hoffjann,Luhmann1889
Hoffjann,Luhmann1990a
Hoffjann,Luhmann1990b
Hoffjann,Luhmann1991
Hoffjann,Luhmann1992
Hoffjann,Luhmann1994
Hoffjann,Luhmann1996
Hoffjann,Luhmann1997
Hoffjann,Luhmann2000
Hoffjann,March1994
Hoffjann,Marcinkowski1993
Hoffjann,Marston1996
Hoffjann,Marston_Straker2001
Hoffjann,Mast2013
Hoffjann,Mattke2006
Hoffjann,McCombs_Shaw1972
Hoffjann,McQuail1977
Hoffjann,Mead1968
Hoffjann,Meffert2005
Hoffjann,MeierKf
Hoffjann,Merkel_RussMohl_Zavaritt2007
Hoffjann,Merten1992
Hoffjann,Merten1999
Hoffjann,Merten2004
Hoffjann,Merten2008a
Hoffjann,Merten2008b
Hoffjann,Merten2009
Hoffjann,Merten1997
Hoffjann,Merten2013
Hoffjann,Merten2010
Hoffjann,Merten2014
Hoffjann,Metzler2000
Hoffjann,Meyen2009
Hoffjann,Meyer_Rowan1977
Hoffjann,Miebach2007
Hoffjann,Mies2009
Hoffjann,MillerG1989
Hoffjann,MillerM1992
Hoffjann,Mitterer1992
Hoffjann,Mitterer2001
Hoffjann,Molitor1977
Hoffjann,Morley2002
Hoffjann,Muench1991
Hoffjann,Neuberger_Quandt2010
Hoffjann,Nothhaft_Wehmeier2009
Hoffjann,Nothhaft_Wehmeier2013
Hoffjann,Oeckl1964
Hoffjann,Ortmann2010
Hoffjann,Ormann_Sydow_Tuerk1997
Hoffjann,Pavlik1987
Hoffjann,Pearson1989
Hoffjann,Peters1993
Hoffjann,Piotrowski_VanRyzin2007
Hoffjann,Plasser1985
Hoffjann,Pleil2010
Hoffjann,Pleil2012
Hoffjann,Post_Murray_Dickie_Mahon1982
Hoffjann,Preusse_RoettgerU_Schmitt2013
Hoffjann,Preusse_Zielmann2009
Hoffjann,Raaz_Weihmeier2011
Hoffjann,Raffee_Wiedmann1993
Hoffjann,Raschke1985
Hoffjann,Raupp2006
Hoffjann,Raupp2008
Hoffjann,Raupp2009a
Hoffjann,Raupp2009b
Hoffjann,Raupp_Dan2013
Hoffjann,Raupp_Hoffjann2012
Hoffjann,Raupp_Jarolimek_SchultzF2011a
Hoffjann,Raupp_Jarolimek_SchultzF2011b
Hoffjann,Raupp_Wimmer2013
Hoffjann,Reichert2012
Hoffjann,Riefler1988
Hoffjann,RoettgerU1998
Hoffjann,RoettgerU2000
Hoffjann,RoettgerU2005
Hoffjann,RoettgerU2006
Hoffjann,RoettgerU2008
Hoffjann,RoettgerU2009a
Hoffjann,RoettgerU2009b
Hoffjann,RoettgerU2009c
Hoffjann,RoettgerU_Donges2003
Hoffjann,RoettgerU_Gehrau_Preusse2013
Hoffjann,RoettgerU_Hoffmann_Jarren2003
Hoffjann,RoettgerU_Zielmann2009a
Hoffjann,RoettgerU_Zielmann2009b
Hoffjann,RoettgerU_Zielmann2012
Hoffjann,Rolke_Zerfass2014
Hoffjann,Ronneberger1977
Hoffjann,Ronneberger_Ruehl1992
Hoffjann,Rossmann1993
Hoffjann,Ruehl1979
Hoffjann,Ruehl1980
Hoffjann,Ruehl1992
Hoffjann,Ruehl2009
Hoffjann,Ruhrmann_Goebbel2007
Hoffjann,Saffarnia1993
Hoffjann,Salzer2004
Hoffjann,Sandhu2012
Hoffjann,Sandhu2015
Hoffjann,Sarcinelli1998
Hoffjann,Saxer1981
Hoffjann,Saxer1992
Hoffjann,Scarano2002
Hoffjann,Schein2003
Hoffjann,Schein2010
Hoffjann,Schmeiser2006
Hoffjann,SchmidtS1994
Hoffjann,SchmidtS1996
Hoffjann,SchmidtS2004
Hoffjann,SchmidtS2010
Hoffjann,SchmidtS_Spiess1996
Hoffjann,Schoeneborn_Wehmeier2014
Hoffjann,Schoenhagen2008
Hoffjann,Scholl2011
Hoffjann,Scholl_Weischenberg1998
Hoffjann,SchultzD_Kitchen2000
Hoffjann,SchultzF_Wehmeier2010
Hoffjann,SchulzJ2001
Hoffjann,SchulzWi1990
Hoffjann,Schwan_Buder2007
Hoffjann,Schwarz_Loeffelholz2014
Hoffjann,Schweiger2013
Hoffjann,Scott_Meyer1991
Hoffjann,Sebaldt_Strassner2004
Hoffjann,Seidenglanz_Bentele2004
Hoffjann,Senge2011
Hoffjann,Showalter_Fleisher2005
Hoffjann,Siedentopp2007
Hoffjann,Siedentopp2010
Hoffjann,Sievers1974
Hoffjann,Signitzer1988
Hoffjann,Signitzer1994
Hoffjann,Skinner_Mersham_Valin2003
Hoffjann,Speth2013
Hoffjann,Sponheuer2010
Hoffjann,Sriramesh_Vercic2009
Hoffjann,Stehr_Wallner2010
Hoffjann,Steiner2009
Hoffjann,Steinmann_Schreyoegg2005
Hoffjann,Stoehr2005
Hoffjann,Strathern2000
Hoffjann,Stuiber1992
Hoffjann,Suess_Zerfass_Duehring2011
Hoffjann,SzyszkaP1995
Hoffjann,SzyszkaP1996
Hoffjann,SzyszkaP1997
Hoffjann,SzyszkaP1998
Hoffjann,SzyszkaP2004
Hoffjann,SzyszkaP2008
Hoffjann,SzyszkaP2009a
Hoffjann,SzyszkaP2009b
Hoffjann,SzyszkaP2009c
Hoffjann,SzyszkaP2010
Hoffjann,SzyszkaP2011
Hoffjann,SzyszkaP2013
Hoffjann,SzyszkaP2015
Hoffjann,SzyskaP_Schuette_Urbahn2009
Hoffjann,Tacke1999
Hoffjann,Taylor_Kent2014
Hoffjann,Teubner_Willke1984
Hoffjann,TheisBerglmair2003
Hoffjann,TheisBerglmair2013
Hoffjann,Thiessen2011
Hoffjann,Thiessen2014
Hoffjann,Thompson1967
Hoffjann,Thummes_Malik2015
Hoffjann,Toepfer1999
Hoffjann,Trujillo_Toth1987
Hoffjann,Wagner1980
Hoffjann,Walgenbach2002
Hoffjann,Watson2014
Hoffjann,Weber1999
Hoffjann,Weber2005
Hoffjann,Wehmeier2012
Hoffjann,Wehmeier_Nothhaft2013
Hoffjann,Wehmeier_Raaz2012
Hoffjann,Wehmeier_Raaz_Hoy2009
Hoffjann,Wehmeier_RoettgerU2011
Hoffjann,Weiber1996
Hoffjann,Weiber_Adler1995
Hoffjann,Weichler2014
Hoffjann,Weick1995
Hoffjann,Weischenberg1990
Hoffjann,Weischenberg1992
Hoffjann,Weischenberg_Malik_Scholl2006
Hoffjann,Westerbarkey2000
Hoffjann,Westerbarkey2004
Hoffjann,Wheeler1997
Hoffjann,Wiedmann1988
Hoffjann,Wiedmann2008
Hoffjann,Wienand2003
Hoffjann,Wienold1995a
Hoffjann,Wienold1995b
Hoffjann,Wilcox_Cameron_Ault_Agee2005
Hoffjann,Willems2007
Hoffjann,Willems_Jurga1998
Hoffjann,Willke1978
Hoffjann,Willke1992
Hoffjann,Willke1993
Hoffjann,Willke1995
Hoffjann,Willke1997
Hoffjann,Wimmer1994
Hoffjann,Wippersberg2012
Hoffjann,Wright1992
Hoffjann,ZedtwitzArnim1961
Hoffjann,Zerfass2004
Hoffjann,Zerfass2014
Hoffjann,Zerfass_Droller2015
Hoffjann,Zerfass_Moreno_Tench_Vercic_Verhoeven2013a
Hoffjann,Zerfass_Piwinger2014
Hoffjann,Zerfass_Pleil2012
Hoffjann,Zerfass_Rademacher_Wehmeier2013b
Hoffjann,Zerfass_Schwalbach_Bentele_Sherzada2014a
Hoffjann,Zerfass_Tench_Vercic_Verhoeven_Moreno2014b
Hoffjann,Zimmer_Ortmann2001
Hoffjann,Zimmermann1998
Hoffjann,Zuehlsdorf2002
Hoffjann,Zurstiege2005
Steinbach,Alpar_WojcikoJ
Steinbach,Assmann_Roebbeln2013
Steinbach,BarteloJ
Steinbach,Belvedersi-Kochs2013
Steinbach,Calleen2012
Steinbach,Ditges_Hoebel_Hofmann2008
Steinbach,Dueweke_Rabsch2012
Steinbach,Falkenberg1999
Steinbach,Falkenberg2014
Steinbach,Franck2008
Steinbach,Grabs_Bannour2012
Steinbach,Graeve2014
Steinbach,Grafberger_Hoerner2009
Steinbach,Grupe2011
Steinbach,Herbst2014
Steinbach,Loeffler2014
Steinbach,Neu_Breitwieser2005
Steinbach,PalmeoJ
Steinbach,Puttenat2012
Steinbach,Schwenke2012
Steinbach,Shah_MaderoJ
Steinbach,Waeger2014
Steinbach,Weichler2005
Steinbach,Werner2013
Steinbach,Zerfass_Pleil2012
Steinke,Behrle2014
Steinke,Bentele1978
Steinke,Bernays2004
Steinke,GrunigJ_GrunigL1992
Steinke,GrunigJ_Hunt1984
Steinke,Lehming1997
Steinke,Liebert_Mauch2011
Steinke,Oeckl1964
Steinke,Ronneberger_Ruehl1992
Steinke,SchulzBruhdoel2005
Steinke,VonLaRoche2013
Steinke,Zerfass2010
Steinke,Millward2014
Steinke,Munk2014
Steinke,SchmidtS_Zurstiege2000
Steinke,Schneider2000
Steinke,Schwingen_Heumann2011
Steinke,Sulzmann2014
Steinke,WeberShandwick2012
Steinke,Knigge2013
Steinke,Esch2008
Steinke,Schreyoegg_Baeuml_Kraemer_Dette2014
Steinke,Abrahamson_Ryder_Unterberg2013
Steinke,Gassner2013a
Steinke,Gassner2013b
Steinke,Gassner2014a
Steinke,Gassner2014b
Steinke,Howe2008
Steinke,Jahn2015
Steinke,Brettschneider2011
Steinke,Kriesi2005
Steinke,Kriesi2012
Steinke,Merkel2011
Steinke,Van der Heiden_Haenggli2012
Steinke,Dorfer2013
Steinke,Gartmann_Iwersen2012
Steinke,Knobel2006
Steinke,Meffert_et_al2008
Steinke,Obermayer_Ritzer2014a
Steinke,Obermayer_Ritzer2014b
Steinke,Reinking_Karpstein2014
Steinke,Reinking2014
Steinke,SchulzBruhdoel2005
Steinke,Strohschneider2003
Steinke,VonLaRoche2013
Steinke,Werner2013
Steinke,Zerfass2010
Steinke,Boell1974
Steinke,DeutscherPressekodex2013
Steinke,Kellerhof2013
Steinke,Popper1957
Steinke,Disselhof2015
Steinke,Koch2015
Steinke,Nieder1999
Steinke,Podjavorsek2015
Steinke,Schuba2014
Steinke,Vetten_Bach2015
Franck,Avenarius1995
Franck,Bourdieu1982
Franck,Reinbek1993a
Franck,Reinbek1993b
Franck,Pauli1993
Franck,MuellerE_Peter_Istel1991
Franck,Ross2007
Franck,BundesverbandDeutscherPressesprecher2015
Franck,Bruhn2014
Franck,Falkenberg2014
Franck,SchulzBruhdoel_Fuerstenau2013
Franck,Hannemann
Franck,Huendgen2012
Franck,Speth2013